{"train/loss": 0.191, "train/learning_rate": 7.772020725388602e-07, "train/epoch": 10.0, "train/global_step": 9650, "_timestamp": 1700712855.5966785, "_runtime": 25472.97894358635, "_step": 38, "eval/loss": 4.563287258148193, "eval/runtime": 339.0741, "eval/samples_per_second": 9.756, "eval/steps_per_second": 0.61, "train/train_runtime": 25476.5319, "train/train_samples_per_second": 6.06, "train/train_steps_per_second": 0.379, "train/total_flos": 1273546157707926.0, "train/train_loss": 0.6887172438073035, "_wandb": {"runtime": 25472}}