{"train/loss": 1.6696, "train/learning_rate": 7.772020725388602e-07, "train/epoch": 10.0, "train/global_step": 9650, "_timestamp": 1700877841.1044552, "_runtime": 20783.876049280167, "_step": 57, "eval/loss": 1.6697078943252563, "eval/runtime": 249.3961, "eval/samples_per_second": 13.264, "eval/steps_per_second": 0.83, "train/train_runtime": 20786.6289, "train/train_samples_per_second": 7.427, "train/train_steps_per_second": 0.464, "train/total_flos": 4560292504798824.0, "train/train_loss": 1.672179459487836, "_wandb": {"runtime": 20782}}